<?xml version="1.0" encoding="UTF-8"?>
<!--

    Copyright 2016 Red Hat, Inc. and/or its affiliates.

    Licensed under the Eclipse Public License version 1.0, available at
    http://www.eclipse.org/legal/epl-v10.html

-->
<!DOCTYPE facelet-taglib PUBLIC "-//Sun Microsystems, Inc.//DTD Facelet Taglib 1.0//EN" "http://java.sun.com/dtd/facelet-taglib_1_0.dtd">
<facelet-taglib xmlns="http://java.sun.com/JSF/Facelet">
	<namespace>http://jboss.org/forge/view</namespace>

	<function>
		<function-name>asList</function-name>
		<function-class>org.cdbookstore2.view.ViewUtils</function-class>
		<function-signature>
			java.util.List asList(java.util.Collection)
		</function-signature>
	</function>
    
    <function>
        <function-name>display</function-name>
        <function-class>org.cdbookstore2.view.ViewUtils</function-class>
        <function-signature>
            java.lang.String display(java.lang.Object)
        </function-signature>
    </function>
	
</facelet-taglib>